Steam_Temperature,Steam_Pressure,Fuel_Mix,Efficiency,Emissions
274.9080237694725,42.959305018703375,0.3093645469887248,0.9018108982626694,0
390.14286128198324,67.93306631648507,0.2975830392575999,0.9390044191574116,1
346.39878836228104,91.10620851134857,0.8250036644168294,0.7751403696377497,1
319.73169683940733,81.25574204866928,0.2996369598796049,0.8874622298820997,0
231.2037280884873,86.45928035030148,0.3175597809029048,0.8715237949431246,0
231.19890406724053,76.11483566975022,0.707518609934371,0.9498491130364813,0
211.6167224336399,78.45935951624966,0.459791873960432,0.9718261181443781,0
373.235229154987,89.44369560957236,0.721368445564145,0.703647031443216,0
320.2230023486418,47.47676062014301,0.1522929260515082,0.9022059757176377,0
341.6145155592091,64.25974745501983,0.4900569549387075,0.7155507397359187,0
204.1168988591605,45.484660927372154,0.1268908801466261,0.8646575995232068,0
393.98197043239884,99.13676055976529,0.15012256276428362,0.7862898187131034,0
366.48852816008434,96.08415377806293,0.8251499626755288,0.7920329798566423,0
242.46782213565524,32.759876795795414,0.21139629689407613,0.805887551035707,0
236.36499344142013,79.3902620760982,0.5259365458201737,0.886387734714883,0
236.68090197068676,94.7673822190966,0.4288764820805653,0.8002149897006308,0
260.8484485919075,42.64027415891334,0.3778746610070741,0.9198097151770841,1
304.9512863264476,69.75616613868407,0.819866676549818,0.8213582156721608,1
286.3890037284232,94.08418083116293,0.1174587174203916,0.7205059600929875,0
258.2458280396084,32.37621850100592,0.6310317489404713,0.9351279527452322,0
322.3705789444759,78.8194187072788,0.8707155473708403,0.7857274973778118,0
227.89877213040836,50.81443051607855,0.5481345467694736,0.8298300638797788,0
258.4289297070436,94.70773367635712,0.8494579696264735,0.9056331649665704,0
273.27236865873834,97.97407716157575,0.14180630342881903,0.7997368471446136,1
291.2139968434072,96.09865423794038,0.43503465525932916,0.7169756968440146,0
357.0351922786027,63.194995166022466,0.3081262327696409,0.812176314103844,1
239.93475643167196,90.34298556925194,0.6846567719845839,0.983334574808291,0
302.84688768272235,89.11845789745493,0.8850376723977974,0.8925203191895674,0
318.4829137724085,52.337033127027894,0.30522404995539826,0.9014437446001621,1
209.29008254399955,88.02408319054742,0.6233396811792595,0.8896846460912919,0
321.5089703802877,32.59053443008448,0.2584781062077921,0.759697641687831,0
234.1048247374583,71.73889149374372,0.5522642036572879,0.825500159230684,0
213.0103185970559,46.100618610139215,0.471145989350669,0.9252819395089955,0
389.7771074506667,38.43968200440952,0.8776042637052297,0.7304118692659477,1
393.12640661491184,35.38672411404464,0.5868218181571733,0.7833558328269137,0
361.6794696232922,78.74021431146979,0.37960509766945505,0.7828957325397561,1
260.92275383467415,53.791247463764634,0.19127662791034672,0.8296056782783517,1
219.53442280127678,80.73367400701329,0.22099746298794765,0.9941106222826555,1
336.8466053024314,34.574943855925966,0.2802535439609881,0.7202507640051465,0
288.03049874792026,52.07032364814272,0.3007733290722384,0.8556102983141785,0
224.40764696895576,67.7643904662736,0.7804928462729103,0.7538094046036631,1
299.03538202225405,85.35062153872744,0.5489782306260199,0.9912029636229233,0
206.87770422304368,52.312675205244894,0.5187127290994932,0.7339910514182392,0
381.8640804157564,73.81239635059063,0.19181509749537398,0.8210803007084774,0
251.7559963200034,92.0184423765331,0.788111754679548,0.9213654954503818,0
332.5044568707964,73.11042317276133,0.6782514425667869,0.9113663284082336,0
262.3422152178822,46.30716323275436,0.15413468952000128,0.8268185910681797,0
304.0136042355622,31.70805470895766,0.6662680777838149,0.8039572503858154,0
309.34205586865596,90.90692117306509,0.5348305738741169,0.8192837135658612,1
236.9708911051054,31.4888587595271,0.1653802765974226,0.7792828789475917,0
393.9169255529117,91.22911708789397,0.4666405132229252,0.76159988161204,1
355.0265646722229,67.02559938190484,0.48775702970403756,0.8449119092676669,0
387.8997883128378,95.73473889590274,0.23261963213062062,0.7805601268202822,1
378.9654700855298,85.91482650415658,0.8565585176002258,0.786238499469175,0
319.57999576221704,99.85538773733363,0.7799802971845295,0.8970268190423671,1
384.37484700462335,54.54982708161971,0.6352178698632867,0.9905611995099677,0
217.6985004103839,83.70318022517888,0.4698364488004858,0.8810911601678125,1
239.19657248382904,58.13516395264695,0.4294124332676068,0.7230938401194899,0
209.0454577821076,63.59129342127362,0.6207787737207633,0.7226750841562201,1
265.06606615265287,73.9253824252859,0.5363454955255244,0.9854269662536698,1
277.7354579378964,91.15739799304372,0.14981848470550851,0.7891872370922001,0
254.26980635477918,98.88584284395066,0.5100021190162654,0.7276200958247426,0
365.7475018303859,83.77913897051627,0.7451228937862716,0.8797133761451145,1
271.3506653387179,59.243674751713364,0.4673919020775664,0.8870946334870798,0
256.18690193747614,59.494990159394916,0.14156526204341474,0.8945514460356064,1
308.5392166316497,81.6307611112224,0.7290225595072265,0.7802206083572624,0
228.18484499495253,46.71440020378117,0.2610910257087795,0.7045332052643425,0
360.43939615080797,37.733187919197626,0.306896667910431,0.9895046108363416,1
214.91012873595417,54.82355103485436,0.23176508274583674,0.7752679137073307,0
397.3773873201035,50.10672941578572,0.36417205189719803,0.9028078864157643,1
354.4489538593315,50.741568431919305,0.705401204550908,0.9119889609636129,0
239.7431363068345,46.35254257349369,0.5155086876031499,0.8830022251238456,0
201.1044234247205,32.946523274545335,0.2639050193205701,0.7938722182640945,0
363.09228569096683,31.251175431338968,0.8022640625216327,0.7813288761292196,0
341.3714687695234,99.14056728152221,0.8036654839612234,0.8793004848108109,0
345.8014336081975,59.94411936151036,0.7964627400368055,0.9598286900835075,0
354.25406933718915,56.90286530117771,0.29103696910523147,0.9840201186770187,0
214.80893034681807,77.57530978851489,0.46099147534479046,0.7317717413211272,0
271.6931457088545,45.27777215055449,0.8879917249127001,0.7464485837793159,1
223.17381190502596,96.49728287651577,0.7176099810479923,0.9834208776349239,0
372.6206851751187,85.04415100908864,0.12173393698044786,0.9209605685004377,0
324.6596253655116,36.258770161858166,0.15216367300839365,0.964898147448932,0
266.17960497052985,59.230654304944984,0.4711451014498662,0.7607897902406029,0
212.71167005720474,91.53828152935154,0.8273761646892481,0.8762757613328205,1
262.19646434313245,96.13124156039872,0.5309614383621714,0.910341878325242,0
265.0366644053494,62.718105787490884,0.4982500064274322,0.9040335656340918,0
345.9212356676128,72.93879724474954,0.18437895996530448,0.8224455072600094,0
327.51149427104264,41.69237622644526,0.6254240837794353,0.7046184675073925,0
377.44254851526534,99.38180382958836,0.7576825284801804,0.874877817041279,1
294.44298503238986,46.21701909684104,0.4043360060060499,0.7759304617538826,0
223.91884918766033,95.99122418945879,0.720489480740262,0.8350762738428671,1
342.648957444599,75.4752654294658,0.8715813231206493,0.9872743045251452,0
352.1570097233795,72.54157564152014,0.2630131673021513,0.8197105952927304,0
312.25543951389926,65.88819577115561,0.5186637049557931,0.951940481999328,1
354.19343599091223,46.14688682024311,0.32971036646766044,0.7565621817247753,0
298.75911927287814,42.35696224038558,0.7342835352270715,0.9017381494075086,0
304.5465658763988,45.43403463491227,0.562074692704926,0.9931020863316831,0
285.5082036717099,43.05067835009782,0.607665934040243,0.730567930261881,0
205.08382534881903,84.57091314967273,0.7383313276927153,0.7024959826681576,0
221.57828539866088,54.508768141671105,0.41677637812996393,0.8300748377897843,0
206.28583713734685,34.048987359437746,0.8320720547256346,0.7277876449154101,0
327.2820822527561,97.83718410985679,0.526423093796912,0.9245153049028694,0
262.87119621526534,91.8650119474398,0.22636385826827843,0.9743645991545677,0
301.71413823294057,94.94265982366491,0.656719294535042,0.8302062918126276,0
381.5132947852186,99.64354758525047,0.7346090803506036,0.7776134926466323,0
249.85844582977498,42.17266744536411,0.3534093416540214,0.8303209957019829,0
282.07658460712594,57.736941323186116,0.7857434055990024,0.9170343453550003,1
351.1102277086097,83.07669329928639,0.8249146038126132,0.7027162484741113,0
245.75963309832449,78.72144326376545,0.32152358990224716,0.8768361968454091,1
215.3959819657586,40.772713443789854,0.8868171781721776,0.8839875054662137,0
257.9502905827536,87.10831874934325,0.21256922243900675,0.8913064740687806,0
232.2442574508009,45.710840028566246,0.261612534721992,0.7726066239942632,0
385.9395304685146,45.667233037583614,0.24737987139042092,0.914215817013438,0
361.6240759128834,67.58820960253895,0.8151917680062963,0.7274174458995328,0
326.6807513020847,71.50579543891922,0.6234340418599695,0.7597811009400403,0
374.29211803754356,70.60603454864679,0.2216834265778183,0.9632410139963445,0
360.7344153798229,36.40407861784284,0.45225873469467925,0.9216169452179699,1
237.31401177720716,91.42226038412662,0.5922384200558416,0.7041236662034035,0
378.51179969799557,48.592002981209426,0.16677126799150666,0.77451287811094,0
307.86844838313016,39.06604448979629,0.805933094725871,0.7643219448979494,1
361.4880310328125,92.2123655908284,0.7428828283532282,0.7812418984110917,0
379.21825998469865,96.89560487608274,0.5041654188613106,0.7742679310839659,0
263.60069499437276,90.34893320858154,0.8737012922073364,0.7187578887228537,0
222.01038490553535,86.66612523074147,0.43420878342007974,0.8376821549790461,1
245.58703250838835,75.86693864473152,0.8872882552291983,0.9198200424358496,1
285.42155772525126,68.56001594263975,0.6343359990429016,0.8820195174152309,0
363.60295318449863,36.08907319379871,0.6077370186031532,0.9018615005794239,0
372.1461166512687,58.59172491494891,0.232763916236628,0.7243447535608717,1
201.39042610623815,56.08819619086198,0.8055422066437152,0.9854472130530362,0
302.14946051551317,48.182764863222836,0.4419917503364922,0.9515475501529074,0
283.48220062975577,80.63940795820095,0.22978672462598349,0.9415270955486987,0
244.42156209414605,64.71130145551396,0.11008601598060724,0.9468951415125302,0
223.97307346673657,35.673235113535355,0.5478045469107061,0.9798131524398284,0
267.5230342807256,45.41282413648679,0.5219196976981411,0.8632761898341093,0
388.5819407825038,77.8281134561717,0.6754828978953269,0.7600846053602878,0
264.64058640415107,35.32916016432101,0.8122064424142418,0.8850350823557623,0
303.7581243486732,89.5844839834138,0.1635252677144236,0.9228644481003817,1
340.60379177903553,64.6602568909782,0.6851971922722899,0.9213752180062076,0
272.7259204758588,63.64106041286536,0.2499295552780658,0.856434707250064,0
394.35641654419214,71.46854492616623,0.7865416425257312,0.7205376158000734,0
392.48945898842226,87.72766761476043,0.7552508110893249,0.8113338815290383,0
250.35645916507283,54.34664455315351,0.5326350039884356,0.9762299825390073,0
299.4497011784771,77.46113067913444,0.6681942388986493,0.8753346729272278,0
260.17566196335395,69.60123747970538,0.3514800905469987,0.861499582976714,1
256.9680988754935,48.69197891185949,0.47693431914625173,0.780656054314658,1
207.37738947090656,91.50409904486105,0.7573095181683773,0.8105346759749736,0
321.91286679597937,85.81982151248496,0.46741215773857114,0.9686038267459508,0
300.5358046457723,76.09162842608978,0.3862386122603535,0.8999389142580507,0
210.29575024999787,89.54072103659693,0.49536995780023996,0.9362161080256999,1
255.72929284732228,90.71059406718616,0.7625994019497747,0.8363036269202966,1
381.65317719333075,79.58540837005243,0.36816643789669823,0.8890741658368474,0
247.9123781333945,88.59093298545704,0.23900927450859505,0.7745150826229622,0
228.9789744182446,78.82300231684985,0.6696112162646246,0.9116382490850459,1
297.8905520555126,77.60985402322103,0.7607825701664654,0.8282804001110011,0
397.1300908221201,73.3027964750629,0.1805099828188267,0.8327636544444237,0
248.41105430230007,82.69016476903488,0.2918992902047558,0.8947966973730644,0
334.4271094811757,41.10235737051516,0.21357759180879513,0.980884186440678,0
352.32392306574354,91.66095314392498,0.3783531292657333,0.7192019039825862,1
247.52750879847994,91.02904694216625,0.4602807831243302,0.9474229712041022,1
345.6432697223719,32.047309812419144,0.6990610695706452,0.7877149331236579,0
273.55662654385065,87.80717253953338,0.6209180679053393,0.8331758363519133,0
326.4611661187159,39.020890723141164,0.596742853982745,0.7065739986325027,0
326.7059421521789,53.45831979813993,0.3818999572877235,0.7903138233502939,0
307.1549368149517,82.04557794041254,0.773158042467808,0.8507893727890391,0
218.05795401088164,41.253192723381574,0.47702973391853165,0.7168528232042317,0
367.0604991178476,87.25769168833435,0.8832839504121236,0.8473287188149495,0
264.1560129943472,88.24939245704194,0.6073137106365895,0.9781331886575282,0
237.30370207997083,65.52274136325853,0.2010117932516022,0.7316179654323415,0
208.1550283109528,30.44701102017835,0.6409420496603472,0.9293322184226513,0
318.1785886376484,50.09266932224389,0.3600832123453592,0.8229013160127978,0
335.51287236845644,73.18488428630195,0.6490617573488779,0.8965521143573014,0
203.31756578557122,98.68303246191964,0.1557129185299246,0.7780709793955688,1
302.4186116598562,74.22694689116679,0.23990514974076751,0.7478476787624074,0
245.2991550395876,48.186250674491184,0.7845898071246291,0.7481387842813679,0
329.03455808188994,74.38039921697279,0.28174364561881193,0.7211475836929434,1
234.8732858009983,67.79897658010988,0.769632900194352,0.7556940114703729,1
338.1875476204932,84.58917766058005,0.3234208707635283,0.8992658154966905,0
277.34706926010745,37.48864471788709,0.6143055280469661,0.9645071835530524,1
387.3459977473469,83.27195317514196,0.6553204588078648,0.9442377056773485,0
227.50418882919865,67.88866050732773,0.5101238025160424,0.9055402929623452,0
268.2132702100517,97.40944027012962,0.34424854135738503,0.7331295590233308,0
222.69470424811783,53.931051622708026,0.2701155010968769,0.7867562338887849,0
384.9387236557126,74.28353251937637,0.12655148364994098,0.7929420625967407,0
375.4678706761962,95.24196738570123,0.34315712099257906,0.7749870839192863,0
251.58832554303112,37.175680959347545,0.6225302324250264,0.854501697912917,0
331.9968092068358,95.60599410655158,0.8506438547587861,0.8606661444639018,0
363.4444400402432,78.15200056105694,0.7969635858104417,0.807065792551333,0
311.0401623198925,34.74859413736203,0.7128518212282421,0.8061367476209308,0
305.9301156712013,51.067449686277136,0.730757874602639,0.9485666793718244,0
248.37045818009034,79.57204620516971,0.6319879227807962,0.9367878544959056,1
218.62055356117983,34.71454210281402,0.3082294860528024,0.7923387495042237,1
379.44315159066537,70.75193221233913,0.8257560245646639,0.9741365331619778,1
380.0836114326661,54.21181398670697,0.6365858495246672,0.9858445051007518,0
326.62029145465357,73.4640862437234,0.5483525047843519,0.7980227626090122,1
267.80595820974014,33.2019423668759,0.18879157537078486,0.8063274846379165,0
269.84191492253217,91.00757643066635,0.4576444350451404,0.8516902460265876,0
345.1911357740479,98.14422784241778,0.46828661696154106,0.982336243760102,0
379.42205199051546,97.8214498699984,0.791650887618136,0.9628958299426935,0
377.4172848530235,82.47562822200473,0.5373185761502308,0.7307703887750769,0
355.97510917152476,39.106036809144236,0.40432043917632776,0.8178192229814248,0
328.4063292308575,83.07842371503159,0.8814402628085275,0.8660113569249315,1
216.82799299900978,31.721084152116106,0.18857647466105254,0.850939741765462,0
232.32574281892275,31.548648607029808,0.43803874264955567,0.7581589203810678,0
379.7108377054159,52.652715340467886,0.13361974013712424,0.9576450313504463,1
321.285811931918,64.2050233283266,0.6919232966135442,0.9030822348990512,0
201.83941032332592,83.92851924654553,0.8344612417593206,0.951372512455541,0
220.29430857320642,77.83067636245536,0.32402986364039155,0.9576292838048417,0
332.7003538216112,61.21318944637238,0.7866733414392967,0.9245067560997219,0
201.01231676924374,49.15386663971661,0.33377458436951823,0.8317631803749151,0
232.16161028349973,99.79871501103977,0.8286161293151322,0.8831640265046273,0
309.7467578733172,59.83269115651811,0.7031695228774272,0.7481096218359229,0
338.3790395385387,61.59709170307728,0.7439254214731509,0.9020936252424723,0
330.39225190052014,41.453667483416844,0.1144052444803636,0.7537759767217842,0
244.85386189211195,85.63666841249506,0.8702482856592207,0.908184877153047,0
342.4358442695072,78.55775580470421,0.6813367936562587,0.7688794482261906,0
247.44981749936002,45.45387289521322,0.34380087630890666,0.735265390045066,1
265.07993963185356,35.766673193108986,0.7635157318870776,0.7495853470428872,0
349.29828102360483,77.63495114522992,0.325216958731944,0.700597640565721,0
329.92657980944296,75.81578499967947,0.7982030716529024,0.915621885356059,0
369.8446820988356,49.12816688987465,0.19006431232954962,0.9197203147175137,0
331.52257846006864,96.56044935752873,0.6629487819686366,0.8544800049739778,0
313.6617206670943,40.574052424663016,0.5325587813159283,0.748408840316615,0
218.7349535656185,60.26343607298213,0.17722757615635265,0.7250663012532069,1
273.5431606118867,96.05311441173193,0.29351506260707116,0.705738689931186,1
253.04047353634508,59.38091218482856,0.10992322902185184,0.7497244530895661,0
248.7979286758167,74.696816336486,0.4750143723716047,0.967256660494944,1
394.6021109504891,57.831607857395596,0.3410122086080003,0.7724610525105045,0
278.6195449333521,49.1950641644069,0.5786859874382071,0.8062813981651646,0
378.40931103542266,98.87843535718798,0.3377902461668938,0.7316036453443999,0
326.2277251994526,58.65338044205301,0.3399352892055878,0.766708391424451,0
358.9622607083297,92.58694425753941,0.6945545589852827,0.8557673712340615,1
300.5274186210384,46.09682241237603,0.13851426878268278,0.8823258049286957,0
315.3807769252718,44.91732928175583,0.8223159961535899,0.7736056942498633,0
298.5035387637728,32.17938580191579,0.7818110995129451,0.7173196477675351,1
239.0485975596089,75.61667777631195,0.6342437465811253,0.8173098607382195,0
344.490423052301,55.796844060663275,0.5745772560859075,0.7702610112779003,0
256.15447248817117,90.50507748877459,0.8138419985117218,0.7658661769689405,0
204.86319328629077,63.124693468409,0.24826414362297156,0.9879588408140365,1
329.09445918143354,97.77353995403053,0.1631753297526629,0.8848901457777172,1
235.4221358814098,42.98678609921848,0.29160813592763046,0.8670635329516287,0
388.0917168705829,90.80362175689275,0.7356626229601523,0.8247325310569965,0
390.78571540051746,84.36177969542192,0.12773621338118668,0.8286833000290432,0
382.9728780440897,83.96452912508364,0.5662454680667918,0.8622715011514243,1
274.0317400510889,89.13482596818213,0.896350012953048,0.9089289421108322,0
203.09132330577347,83.27167936600992,0.7845568750700316,0.9106438288545489,0
385.66371251754504,73.83542251419908,0.5171565512348716,0.7515081723116348,1
285.6368296634629,39.18714143776713,0.1509127274293139,0.850033825622988,0
393.33096380873394,32.27683256438763,0.7650988115085678,0.8235874285102306,0
392.7239954178506,94.45934934709808,0.5791828065417685,0.9611580898808152,0
370.601891093472,73.16552201645166,0.19194639764765348,0.8894256763655128,1
258.88977841391716,85.75761036833234,0.17508582785868498,0.8597512199247945,0
277.01954572038505,63.706564605878505,0.827701455549274,0.7346183926536751,0
370.2273343033714,38.211573227367616,0.6353602103504628,0.8816913667970234,0
263.38440103125555,38.76300545417853,0.7634294394534045,0.73516117170407,0
233.8985493372185,77.989570106028,0.8031831202258138,0.8011619726697256,0
311.36025249167005,60.12141264296239,0.5574178816386578,0.7428525894442995,0
387.23095483215616,44.03673086902357,0.5139570814040331,0.9076220941073107,1
339.2059593349946,64.41161827190058,0.4443419282567922,0.7618756341508457,0
314.01223401787297,34.494625595259386,0.3535572702328954,0.8175578119564078,0
219.4352987541537,70.73799813400791,0.4476767686869695,0.9687024332856335,0
323.00144533983394,48.82953831045684,0.7191037245841251,0.761294915019691,0
398.01077002085265,85.82913704460317,0.5815387448121053,0.8523415191876337,1
228.0168030473048,51.72533712465017,0.8140186319638769,0.8257814983498066,0
303.66593047274733,61.86541043572608,0.45470401150335016,0.7054372123137189,0
375.47461438559105,30.813437793567044,0.5856716629750033,0.9378274340718438,0
348.1537235508409,35.07128214561912,0.605046042473591,0.7207137718943799,0
339.4031481990536,57.47454894846794,0.5733577298450604,0.842276506293086,0
340.49681679742184,63.595718430198644,0.662107018468413,0.8682034884816849,0
271.89823024395105,72.00143836835126,0.28994677469984503,0.8885279369843762,1
258.71836885289866,50.416380509651226,0.5098910220366325,0.9065894887923627,1
361.8722310957027,78.64873202885798,0.18337984224667814,0.7759817150568145,0
362.02267893583615,90.20856780324432,0.40760906211585,0.7029936329975348,1
373.41446371602075,84.5895692225345,0.49013365489701155,0.9170330987064736,0
382.64811051129425,32.773317774385,0.621779407636378,0.8606969798042736,0
302.26847977218756,63.63548630804802,0.8604248420689629,0.9508353109621746,0
300.3032589374399,37.34511248927224,0.5805208532386847,0.9464165088702083,0
359.65903579335503,46.943151110376924,0.6948751329412478,0.952997850336365,0
329.99278615555306,99.06638152870025,0.5050128475961623,0.845528397993862,0
340.3933754515407,39.974688003105925,0.607283225101065,0.8000885187510597,0
359.1585338872202,64.92217074159493,0.15674577290701874,0.9374674607774109,0
378.00106836351324,73.27090140226834,0.3035132646734776,0.8353882339087765,0
267.59903137030716,79.17254793808728,0.389482474564111,0.7550326589210303,1
275.1165905279888,69.17540784408399,0.47799468400521083,0.9564922058684423,0
218.7963879681738,30.683959319342858,0.136518996401907,0.9647679630317042,0
315.6560281992348,52.85229157707943,0.21201927804265416,0.839892926842051,0
207.18845475934842,66.2398150369298,0.32145144623304467,0.7227099181929362,0
293.11960362649205,36.15065494013834,0.8772261527208406,0.8163478269750793,1
308.52892694151535,54.543885184642654,0.36507760568244063,0.941061297838781,0
257.30825042565687,32.32421761539566,0.4856328464896661,0.9705322085638686,0
318.1666521138021,35.500494800851456,0.25687817019071435,0.7610418227492787,1
206.10004998780988,57.78462933411173,0.5886240568606146,0.7200920836075814,0
207.4696377498429,39.29010278301423,0.32454657241277945,0.9632051359398516,0
364.5201121319317,69.72785937830906,0.26559406275074143,0.8168214816936625,0
272.03812828225256,78.2625478396086,0.5132581027567833,0.8625282892802689,1
225.41210253037696,86.0410689376358,0.10440463932833666,0.9904197436152277,0
304.44865201096087,44.010517097136706,0.10613122611938026,0.7199694183742669,0
353.99871061972215,41.72378075813488,0.2752550472814862,0.8944954022356286,0
243.16420549936862,37.31974882340802,0.12937709000065692,0.7222316267724601,0
324.57809516380007,74.55011746805457,0.18642060330455312,0.81264067853995,0
217.0694929987536,79.45330085408308,0.3710885194710013,0.941144363558034,0
210.33634423372155,32.21103013779494,0.7420685436638503,0.8300416698266903,0
306.2709263136296,95.53485723705829,0.5576389146954407,0.9991547061708852,1
308.12702432202127,33.63798985560307,0.5101341807651332,0.8677177854839806,1
327.4859802996413,67.89074347107493,0.3347910585664973,0.796348645790786,0
345.21826674453234,79.63423636156415,0.8454029755462531,0.7660333977714259,1
395.1704158925069,90.967838662226,0.41761203298975336,0.8051561602858486,0
303.2600696602391,79.98608524926995,0.1696742134366172,0.8117599821278652,0
264.5912945882492,86.12096581488544,0.593653212894241,0.7206141033171882,0
359.0372389537407,53.761513477996424,0.19107071478128113,0.8108722598280319,1
254.16645025241485,87.03775796225585,0.37617851424135373,0.8392715559217674,1
287.7942841411272,35.60803924692726,0.5059295509742471,0.9168213256716413,0
215.69127626845318,92.63716592423694,0.7993780197481407,0.8970188454164824,1
205.0701486830915,68.33146633076154,0.49483726427209496,0.9126296965687463,0
392.529682935585,87.21084389737456,0.6618070128253314,0.702509104563057,1
367.19602410244113,61.66227991628101,0.8942534711992564,0.7653002198741607,1
339.1948412187396,75.05043866375675,0.2051912959183853,0.898505286519957,0
281.79058888285397,66.84818626552791,0.31978522041561563,0.8451968104539241,1
234.65886401416915,81.21126652287323,0.4156608604781171,0.7015940427005037,0
231.2874085342172,35.71409874214127,0.4374625428310651,0.9413483927295467,0
250.04857963291906,34.22464587933946,0.4288168602124366,0.9318428719871013,0
309.8453329412241,47.29722638071025,0.8260888020452439,0.8645257488980688,0
342.91918454001245,41.16812760792318,0.6712261155734851,0.7199389977328816,1
332.03947534354626,91.02484966145411,0.586324171272563,0.9299545148597754,0
255.98677938918857,45.344979115063104,0.34749817429022567,0.8751140763194092,0
390.9730561326388,98.31056790733919,0.7590323073770358,0.9345879931473877,1
347.5793833391537,53.58270542397748,0.8640484091879912,0.9255240977187521,1
310.87081050228016,42.748254098208946,0.7569586260401813,0.9409006215873511,0
322.3441492468704,85.27889549997354,0.10125208415317832,0.8554024199213874,1
283.920012485558,76.10954428506133,0.6091210961467256,0.7420973554580544,0
249.5461979002315,64.87370015171973,0.14090830515368058,0.9013472420139066,1
271.1945357302523,68.87544856563419,0.3060857762669775,0.8861421355155912,0
351.5692220928738,80.34412447905848,0.14761976027821735,0.9226759561597262,0
202.87869772595118,45.99183189319091,0.5830363623595102,0.7509643018152206,0
223.21452810138325,99.74337412397193,0.6492719307940854,0.7584925599700867,0
209.20052840435056,98.23552135027482,0.19159011045272412,0.9671228551657985,0
208.14576046379403,75.52279804428558,0.40707110643598365,0.9249933395356212,0
371.0921168022014,43.96797156504016,0.4649892071644336,0.9724685466100969,0
340.73157187600475,77.61597697019039,0.39524241740873334,0.9276145963491762,1
294.83476581746504,35.05388862854231,0.19682000038815445,0.8791465917970905,0
219.56683213020028,32.145675154406426,0.4351582321499804,0.8962398211083621,0
298.3231750233665,48.03780219578496,0.7009424382467345,0.9667383771820031,0
294.69435415611315,62.383606971752144,0.1568061316266044,0.8736420263535821,0
234.64037398200304,90.77907537858664,0.16414401126552275,0.8897173972985162,1
286.7703298475946,80.90183488364156,0.38381703346878737,0.7469430148010802,1
279.7009468794747,81.98945648399868,0.8533805692951401,0.8421763660348308,0
323.1700196104433,59.784533411365274,0.6348581173783312,0.9149191335874297,0
327.01873017352875,54.215449478287404,0.6429359653380519,0.7812828094949096,1
209.0608019544089,55.97271340892219,0.38953599267029204,0.7606762541573604,0
274.92252292529423,99.13546946152405,0.5749286329668307,0.7941480424673246,1
325.1719831428473,32.80764339887377,0.10810494722219471,0.77245018839785,0
300.62725171601755,90.6922047285714,0.6088768371276337,0.7644737911109187,1
371.29796823766446,70.50727860006754,0.8306295580609894,0.8274552528604261,0
331.738726323789,60.703079343271334,0.5900587746758553,0.9723515541650603,0
232.58688541628595,80.76803622905956,0.798958874773076,0.8521178940216154,1
214.11374948008597,64.0668258997292,0.679178444372875,0.7563761142445968,0
328.4838556412631,91.13962666571624,0.19644673312295222,0.7230915008142622,0
205.30226210832436,93.0491304807881,0.8219626458286734,0.9088468435413776,0
317.15511625469264,59.520464881141876,0.15315507548461993,0.8148396293309164,0
388.0460482849915,49.37794580645361,0.5271739780382111,0.9465492839756078,0
315.0948355751758,71.46452300153535,0.21370969903476614,0.8978532305922311,0
277.6339852413044,93.86543419316837,0.10936528858472326,0.9388724351624105,0
328.65764368847067,44.746353230396664,0.4376274081021112,0.7815838118255346,0
291.6505780983033,73.60766084944379,0.336032566123325,0.9077076767383174,1
309.123357863187,74.20921540647643,0.4888003950380825,0.7792185954081156,0
388.29296175530504,81.31791156906968,0.5617599093876406,0.9817205438350876,0
277.22052756015484,39.209737958908185,0.1349912578471579,0.8909122844600124,0
392.23811276478284,80.1077475277462,0.19840263609899653,0.7973535400526026,0
381.07012839121273,93.63227644659487,0.5469139171603403,0.7808535586876818,0
239.15822695785928,42.57781762091694,0.3745338825381266,0.757277975521493,0
213.8722601750331,46.62803274467144,0.6833387900395584,0.9083922876681183,0
220.15560027548534,97.99765658291477,0.6218333188735518,0.7656146838993781,0
203.64436513030995,42.66838668966429,0.7764834903919254,0.8785909797782467,0
218.8885921511857,89.80695653587054,0.6539942613353802,0.7793905080776071,0
336.6013546832714,64.45944995136244,0.44394486191211857,0.8985906834381605,0
214.2377296920458,47.30617520822239,0.6383732979155459,0.9444819185621618,0
263.79512605875226,90.9524930890758,0.3203049394043348,0.9334075729433959,0
368.97506219389095,61.171367850186584,0.3450507990225702,0.9282553992792345,0
204.65438714716518,66.03721477507831,0.7311881279366347,0.7563167217076756,1
362.89369651778713,55.1463358579836,0.4571356131212657,0.7265154840953556,0
256.37095495468,71.50655960044492,0.7387042724146821,0.9096846485462157,0
223.63296552433124,41.446671080951596,0.7579378989346227,0.8105041641383054,0
339.34743307283014,57.375707565623244,0.786049870129027,0.8297038679210041,0
325.7885693559768,97.85886256347013,0.8333081886729659,0.7093447278380173,0
375.4944027054106,48.06934028907892,0.44478817641063706,0.7778729347825147,0
347.01420876077714,75.97156651789045,0.3550934546569111,0.7101029211623392,1
360.69618607696975,52.76330449572864,0.5657589972752911,0.9637557317803742,0
256.4069145142613,84.14311879806205,0.3969379387501021,0.7730190049655591,1
235.48790875594457,39.16115625028449,0.5808593334401864,0.8672011508719024,0
350.12295032817167,97.88747315549813,0.6644686901150597,0.7116937961983391,0
361.3669478534528,61.76526789685475,0.6507240147937094,0.9000542173916974,0
398.1010284001346,46.52353243425247,0.39964230961609715,0.7969082037262282,0
282.52353538228533,35.14477231310089,0.23348816135900227,0.9693757560872998,0
274.40361715855664,41.88305335612785,0.44442347076976607,0.9664354566802107,0
355.2825921483994,66.38417639892123,0.214075315265527,0.7975871855085243,0
268.1607080506036,53.59022235019004,0.8120776281470466,0.9702882687071404,1
386.15146512071294,88.02183561178266,0.37670196859028593,0.9988473020496336,1
371.6825503686024,60.162126656326414,0.22356779777865904,0.9476246992371844,0
285.7988054750037,47.40999908113409,0.12035820792460071,0.9534614043265687,0
350.17421355829947,73.2001490622821,0.6166579090291874,0.7747026208327269,0
350.9085748169365,79.47440518198121,0.6095218539637945,0.8730107196573269,0
220.62477376718653,41.69293355306649,0.37248333326503336,0.7201767741902103,0
380.51058133591334,41.73334514018224,0.1573695110781208,0.7284753810465009,0
301.05047448957146,32.56699988534801,0.4277031159161856,0.9996677836099872,0
365.2914932215483,81.54814105459484,0.3489739960507149,0.7979917748277733,0
264.00992020612233,76.46631693352636,0.6416965117880075,0.9244551736146539,1
379.1046456992401,63.22416130248697,0.5846233995621523,0.941999515908045,0
277.84033574683264,89.0919314278438,0.391674982558032,0.9574069813021687,1
202.16753029605968,86.39691070650372,0.2743140434039921,0.999288489220647,0
381.0763952838527,70.97480550777266,0.8904287729244735,0.7724489455770603,0
218.2573353572267,90.7789896359281,0.46320129695689194,0.7121052480579099,0
263.862727518083,44.40888470257378,0.6506193886241897,0.8233574553983758,0
390.012393410161,37.83437335784095,0.21244237406268862,0.739024200948684,0
390.1214293875112,48.88247280618927,0.4884717597275182,0.7067277667486165,0
314.68757762465725,33.99607992625204,0.12202937589557239,0.8081280481424458,0
326.36744243395987,67.18186696007224,0.5043640943283599,0.935121475322571,0
289.68910439566395,95.5623984606473,0.8712139256941619,0.8698542073675213,0
258.6421543396129,32.75404784679567,0.4073653703886402,0.7938333967631062,0
265.7329090739832,38.54769398070188,0.13119681005992928,0.8963026016478159,0
334.5036912154077,61.653931979840465,0.12476463273547483,0.7696054540926431,0
350.474905887536,95.37125122695335,0.41038940795749557,0.7043144338216255,0
358.3158087451697,52.13092734837254,0.22801994917055524,0.9293060159309282,0
357.92362855891076,65.50643660818747,0.11868167706254873,0.8871229254592027,1
218.24122060973806,32.91010013352745,0.7049708911601414,0.928690787350288,0
298.8840609405163,40.38402406734622,0.4668184071055126,0.7116814050062996,1
211.51175200332887,99.06410860711928,0.33139581757812364,0.9511358883491956,0
309.9057764647471,97.55830875052318,0.8200665464131845,0.885857860010891,0
288.3061002746754,30.345798665408672,0.1929111681604205,0.869018605213792,0
377.54083655165994,96.62682497962673,0.8647350631642554,0.8873842144343594,0
270.18300251041575,74.73839564708503,0.3511733739018823,0.9593299740605092,0
223.41340328552118,90.75428061640154,0.810722937846945,0.8760809519676721,1
228.59833641056719,61.83178989437013,0.5823543011835692,0.8742851139664538,0
352.3021263434945,66.09172200054752,0.76136588779319,0.9972037471197297,0
323.6436126632522,64.21926061798442,0.8872105305683714,0.9270190501205704,0
220.22453522455805,76.6804980282273,0.3307243502549966,0.8326881416353406,1
216.82136122299949,39.7755878329419,0.8689083883260744,0.9122191000098783,0
340.193826291824,32.098151291087454,0.41158551592193626,0.8167691415075365,0
214.5526012728387,51.55509591138336,0.4084095237895379,0.7686626387450497,0
364.37201185807123,79.32765339156526,0.3723096834036046,0.8790555630663278,1
341.2484454312993,44.129741648606384,0.5331260858780682,0.9784546294341854,1
216.26975612837995,77.14027033274421,0.2233160345427897,0.9787418560046388,0
216.96754281703838,97.89384322750892,0.5429691882864089,0.802571583431647,1
397.32791570023505,36.573050105259284,0.5333638499280032,0.8583032398665085,1
274.85415915122405,77.08214827575884,0.709521450083896,0.7634907695709583,0
274.12842941337817,61.06251535131998,0.7669199695500685,0.9986893328496651,0
362.5599134515005,90.76995780642537,0.45235308024993925,0.9943353723603807,0
389.44971547677176,42.400485261317016,0.341866599481195,0.8948526789122342,1
397.2002127645742,78.48381665583152,0.30746791785367555,0.9413242179032419,0
350.6756370517883,88.66807027536771,0.2556990693638975,0.91453004838511,1
275.25191710618316,96.12299536318163,0.14611806575921993,0.8779474657118405,0
216.70014333973376,77.82736198027521,0.37395838306777074,0.7160043990966692,1
355.4293831854874,64.8022334805899,0.3161981537046266,0.8364293027657983,0
311.680849947161,73.24930681408497,0.8731339086931259,0.9024358906502231,0
284.84440184939524,90.82334891351027,0.5461670610000352,0.9032594841651054,1
381.2708770189472,69.94268226471809,0.37782163122440604,0.811936785526715,1
222.23949646123026,32.12709417877858,0.5643740807949568,0.9825075959974092,1
298.52502085817184,95.16640868548845,0.21135736107655642,0.7502071096710342,0
202.27072895348383,78.26687257220928,0.45523499936176237,0.8501078338646681,0
293.73212839882524,77.35593700440725,0.6009874571368511,0.9072651929652469,0
211.26065513636746,45.0972606678402,0.4911182654339611,0.9091407417675428,0
223.7635832536144,76.121982916286,0.42142304052345947,0.8945916870306446,0
223.50524935542097,57.570508395791094,0.8950787111197586,0.782586464035558,0
329.84206042321273,75.58630839290444,0.8042518097191417,0.7468619706059866,0
349.20897585308467,37.46151212155935,0.5987247665275521,0.8907820980480132,1
316.67375301943196,76.04917132221252,0.5555018889458262,0.8797906348418313,0
392.43450969490834,99.95896080394665,0.5965283838596672,0.7538068030867723,0
274.9741159047408,33.374842720238924,0.2610496862579466,0.911541743671169,0
257.14241725637214,98.4021928954922,0.41611019461145493,0.8365515975200969,0
373.7198256378921,58.48355725060094,0.13156762631271945,0.9003281774809458,0
244.71916770389052,90.95274152360814,0.48043682998946136,0.9512101239310452,1
392.64450788812223,84.76698388407914,0.5344196671661305,0.750918528573077,1
202.43089493796327,69.69113826906676,0.2821997888825677,0.705743460399051,1
393.9757653415278,81.69144464759285,0.871223077732411,0.933730775918736,1
208.6319823901152,91.49608929109435,0.8275636887497936,0.8829092275457848,0
378.22862273961425,58.28982251557231,0.6777145883647246,0.9098918708866365,0
305.54022181726,52.892321309426706,0.5267093030122901,0.9514464924965927,0
398.5929592238601,76.73153698945093,0.7959753277181479,0.9408432804473501,0
214.75931294707976,86.5492159358881,0.20452187505877034,0.9882760440786473,0
310.77085688026415,83.3599594343631,0.7324078354199081,0.8607805236556354,0
393.8605071238198,85.84695542010442,0.19985665117347864,0.8465486897979716,0
304.6195688340298,60.49083203690531,0.7353685300395244,0.8205661599672189,0
325.8797276270525,87.24839513225152,0.3206140546010856,0.7461073128532614,0
339.14973779692343,38.41463387594259,0.8016724648145511,0.8717821698646067,0
290.90821295355465,68.11423685725947,0.8552336750603183,0.7831037572977936,0
325.5116160168127,30.40310623486851,0.2190367755240925,0.9763922536638927,0
316.86286238462003,52.72100809301892,0.4701404840523148,0.8749572412831292,0
380.23160209819775,55.65230744099785,0.8847899025301481,0.8778520541524331,1
209.08927606829158,57.732088412647876,0.48672594877851727,0.8064773982631029,0
256.19263791844605,78.68270446829035,0.7908380180116361,0.7155968055933122,0
390.08229681531174,57.1990670889242,0.570985217705056,0.7095231296118966,1
378.05275677818327,61.408553583577145,0.40026392633568153,0.8270005432459593,0
291.1313505571426,46.62808916120292,0.3286268444206962,0.7253696134291713,0
324.02651956030735,56.12762541405381,0.2625784728688698,0.8820540866620417,0
255.47623659622653,45.9088739084206,0.7094385531021578,0.9642919016918972,0
237.62423194475227,35.123714663791056,0.4092324054584223,0.9648744449556166,1
292.73968098799645,72.24140153669646,0.5090203697606009,0.8977136230396697,1
270.67044560521055,76.77489589885113,0.49386038400094556,0.7633695494418793,0
316.7312223701744,73.36432422067301,0.561823223386505,0.9588990494076617,0
215.54692739299696,62.44458306604007,0.7924617164996418,0.9658280305939624,0
394.87896153323334,56.585004612546086,0.8845914748667435,0.7589960754858875,0
397.24214889592054,90.43335547002776,0.42606736685905355,0.9212278257312032,0
339.63234280394903,66.33572495953527,0.7620151376850425,0.7859558646781368,0
307.21927326882405,63.54273143408117,0.7116222357237741,0.9407920937058789,0
261.90552325726554,31.7949446064505,0.5588231611644586,0.9991713699710808,0
362.7590039413897,53.887347933830945,0.8648377148895465,0.7090078015988178,0
336.94623451077587,56.613693315009996,0.26037961242272223,0.9692097597372795,0
232.52338786897826,57.91759466278303,0.18741136824769714,0.8867891600795974,0
382.1854368987685,70.61206584591326,0.7831695735643377,0.9920147857494463,1
364.50744858463383,67.3521782708815,0.45131985330699864,0.8395028552579282,0
389.9599826583848,72.55335649554112,0.7775750833656484,0.9542163791714121,0
345.14390167767203,83.54182830794898,0.814472164156332,0.7187182205794831,1
322.683039187158,86.90900171012655,0.14996607489525715,0.8005837150234887,0
283.6486072581238,80.2686153358546,0.8067718103888486,0.720104961325363,0
386.5456966708026,96.88665871684543,0.4586552442955377,0.9926029400437212,0
373.2127779000817,31.276280787345314,0.5083459912033857,0.9450921721815511,0
209.04373402123787,43.70445899784823,0.6012740088745682,0.9557642263737911,0
205.2733948994504,30.52940124846995,0.8411060853840694,0.9813895694301682,0
275.2926733756099,75.32322999082221,0.11529287554381124,0.7255310458359355,0
362.1106661563666,92.86213842649909,0.4814747746542537,0.815679277754,1
397.45522586298887,47.043760760340945,0.6501776339444485,0.7213104667132006,0
230.08337822070564,94.89241813574147,0.6781655661585828,0.7632379304650085,0
318.826143070427,34.21871732026926,0.6540259452296864,0.7688097331113016,1
276.1781713262043,95.410521876386,0.2075481035264975,0.8407321633142736,0
393.98287956292063,54.61358810677441,0.33951647069734503,0.7805686502360928,1
368.42378462714174,37.099457991445156,0.3869724203336108,0.7302934320453283,0
367.66574094222756,64.01102314304279,0.743549766143604,0.7502473267282322,1
293.73863195899406,47.97435974043556,0.3230078979316424,0.7441826690656272,0
282.96390046753305,49.94110313733459,0.2685639710937625,0.9919230393736895,1
254.68141438614126,51.51029754484006,0.865958415230477,0.9277877520755421,1
211.2750993301854,86.21181284828644,0.10709062809077513,0.9903284395808686,0
372.94447525101066,67.74128936726781,0.8982566845455826,0.8319221459523726,0
362.5802018260155,51.791538940920255,0.6414570390859164,0.783510544498797,0
399.9435346572261,72.72336483176429,0.7627754395592937,0.939487959162756,0
399.32736741478107,80.13054719562355,0.33569551707695455,0.797876175412344,0
311.0863411205255,49.083680051347365,0.11145222213364799,0.7898150121116044,0
353.7974830361021,58.948437106774605,0.6902956148492241,0.7697517976623494,0
388.95314597648564,38.53202653358633,0.7673156776005406,0.7389036934672706,0
369.9294781354823,42.68045446742762,0.6923809055628153,0.7769389183050297,0
249.46962034863952,77.6782497775488,0.21428022984067088,0.8065959245421663,0
290.1088270620187,42.70068433869389,0.7027423378055753,0.9021982624437191,0
225.831883030299,66.76143685669422,0.7151382256861128,0.7187694526658355,0
390.8102054517445,79.63323832057029,0.6268324125360439,0.7631520818996028,0
321.234926890176,37.48138461663207,0.712892746236469,0.9427070920875029,0
245.72856110069256,69.71185537402326,0.7767371517421857,0.7440765770751312,0
334.34013688117136,47.95939485909547,0.5908832913899668,0.8027935439567564,0
323.62564809157914,97.40488126663058,0.17088377117574327,0.959397676557442,0
271.6325436065681,63.84819527039473,0.49010224773376876,0.7464775933430328,1
222.7115184399258,86.41947848426108,0.16211946773728406,0.7248210506854569,0
334.3146391185599,68.51585795093833,0.42603442482594467,0.8453613985240032,0
304.06154018075864,33.03887729983734,0.4256851913005021,0.7907258533835608,0
354.4636783471278,74.32059629158157,0.15280787531219328,0.8690225093451562,1
304.03270022239866,96.598233954466,0.3790564271755835,0.9411414671450425,1
370.436300063708,72.11282741024318,0.18879847903305189,0.741144546445823,0
310.3813677548971,87.34322015987532,0.7465881680073777,0.8742097253662855,0
312.18759430707723,91.89445243438854,0.8581504207715767,0.8516526281169592,1
375.33072053166904,45.96558403642527,0.1578531802063509,0.7432236358039598,0
280.6965732424794,44.84313879357586,0.8640921658333611,0.8871995456586947,0
226.80304569012816,72.76866921956942,0.5180612794693962,0.7820921253582315,0
205.7565352626678,58.771992886469334,0.33965254236309916,0.8463502955632037,0
351.02745113472383,88.79029120067042,0.1614896602209308,0.7246816972831185,1
324.0619102706929,93.00161863786079,0.5004994144563343,0.8378752171640869,1
340.8159536198447,54.73949655119027,0.7356124355925989,0.791939040412846,1
242.59283230178215,46.58093912821374,0.6656691818133585,0.9467143633556063,0
227.27429511735394,84.63678606707032,0.14018080917117903,0.7170936180992105,1
202.9089331335764,49.23642248836953,0.1583214682943228,0.825582182475499,0
270.1175117613194,87.58300229595748,0.4222986261061097,0.8375294272394314,0
317.9835373709266,59.66167775541339,0.33623239523835463,0.9175018228897356,1
278.44880901994645,76.72849295040294,0.2859074584448383,0.8722862725270633,0
287.4949844047458,36.68747196842677,0.3248035991269709,0.9001637011582543,0
380.8317388987497,73.67015272736012,0.7427861946375077,0.9331147856955269,0
269.65109340466006,61.62373751160604,0.8433824429054831,0.9586608920974566,1
302.79789783196213,71.06259242228319,0.4240821556220532,0.7941626490167412,0
356.7306025482286,41.76099454214044,0.8248888017059977,0.8614068116091709,0
279.308556464254,81.58116214609275,0.35719656099830555,0.9520324235317599,0
324.4173400455747,90.39579542802599,0.48114958907503336,0.996835339289517,1
372.47274174934904,45.171786006354296,0.2808231982527998,0.966855793313129,1
389.90412473152844,36.70001888641132,0.6123808337406752,0.811440178787313,0
229.4146961858076,31.654701023243547,0.8831848921398472,0.7585499551655951,0
385.3175250322989,74.93800503102862,0.582794476834703,0.8468177612219766,0
298.4232586159076,72.49658252621465,0.38625126729083914,0.9224924355508126,1
251.64887765979168,68.2688188899849,0.6182539567924227,0.8477707212259893,0
291.8271512476523,46.236296728118276,0.19833654277231005,0.8449542589941006,1
396.0065150570954,57.36341971338602,0.810927264212319,0.9514691263245402,0
298.5236187985739,71.61334346303212,0.5024671606238691,0.8084211337201559,1
265.75032205750165,64.77368012014185,0.45947979363171365,0.9579384024434936,1
326.68017086334515,99.14498641504211,0.5686918307628154,0.8220414402855171,0
248.0291237556386,39.550782678971316,0.599827090231522,0.7984699317035018,1
215.1726656217328,78.66011878333157,0.15742064498121044,0.8361969733599097,0
225.77594438212984,58.30231376730045,0.646093776978722,0.9287340876024606,0
225.60916779155448,59.973973044793034,0.2935453442524237,0.7378006083591983,0
230.38053870245886,80.23184359607234,0.6711621060052718,0.7589257647616052,1
227.76543452988204,78.47053059270587,0.7580278355073574,0.9854334476989276,0
328.17494896064295,99.38791955915318,0.7431668060420162,0.7526474882144072,0
236.37601687982897,38.98760026178877,0.5420007739263113,0.8703181953793163,0
269.13345666477267,37.28767545689164,0.5161359138486009,0.8737943399985814,0
379.3576819812024,80.70371719901189,0.2143007690715294,0.8468873386150735,0
294.7923280525745,70.48708419044863,0.7202769203225085,0.8934235745730456,0
333.51154770420544,49.19124665918641,0.31712750435737147,0.7689480177392854,1
234.46397424032597,35.55935582922906,0.4973563382543572,0.8657986803330244,0
238.45780376173417,35.99607747175014,0.32741927434201334,0.8116519765740691,0
208.17372325329578,92.59336122648827,0.20706269039975453,0.8985001778887567,0
233.7870126144329,43.430712730312,0.6036461575133892,0.7423670630119448,0
255.71806780639173,52.63600934808645,0.14346562785832306,0.8712632250518428,1
235.40209685534936,45.86594815588916,0.69891618730096,0.7555811066149971,1
217.74050675141112,54.849741408235616,0.3540694362088933,0.7835929189345109,0
224.12717422012017,34.85966899222654,0.10010775440358827,0.7656129400970749,1
292.15575360654515,66.33418536357892,0.5089033113897838,0.7548513339606451,1
241.26674368115852,34.73287945145504,0.1374815268220825,0.9477132854682001,1
272.8539722096151,86.02495554756531,0.32093564625671955,0.7857122702982671,0
300.68345417097134,46.35984573373031,0.6655811899645729,0.9781371345593348,1
338.07896572587305,67.80083402231574,0.1501516972974927,0.9909779576035573,0
207.86242796821978,91.60553612930208,0.7714707938848019,0.8713781409811292,0
359.88207978180856,75.56141583330358,0.10305593812686649,0.7429003367997179,0
325.58007789818157,67.30704505859347,0.2974590953615218,0.8123644730138744,0
216.35180638977437,52.70336271807629,0.6927232449216572,0.9393196790044642,0
374.7157248213555,53.31013391407386,0.3530161197834455,0.8102172186091211,0
384.17448010636264,76.86408686387331,0.18151391045281084,0.7261051654908366,0
212.21559197097275,99.58975528548173,0.3881871350403423,0.8670354732784564,1
255.37552962944073,76.3287432894565,0.3163146291076204,0.9535362554488105,1
361.24025595861224,69.04483921590175,0.774169521728444,0.9387779161430507,0
349.65193807673165,81.14553571674722,0.35067833406811455,0.7525369420391059,1
236.90420387127546,62.56439285986027,0.7311459774208058,0.9018293843237399,1
241.86986466734206,34.209963982054965,0.8134977158485878,0.7661512790306941,1
274.0944205582764,69.36077711145369,0.44705393566122364,0.7654622603656517,0
296.90459703820426,97.03376991537661,0.8279545150835136,0.9622215319915555,0
323.6509543060592,42.271205965036174,0.4018544431705543,0.7749006858220691,1
273.7827279139545,78.3003423574466,0.8712627331920866,0.7789742039554033,0
292.5069432266296,44.06535820613395,0.17143161962045833,0.7001960172283899,0
349.49418762675134,67.50793791311568,0.6496154132025942,0.9612007102376553,0
207.33664057811959,36.767351475270374,0.49505123236554294,0.9377784439627403,0
250.48738886880415,61.52596553807296,0.4101190443645176,0.8881986805272034,0
342.6699171769105,82.93143302266722,0.6061695029988807,0.9250797291816526,0
379.0413675374399,54.330006696728745,0.6630856733074649,0.7456145702273475,0
302.33548842313326,76.54382071410527,0.10349061572024727,0.8374970783762726,1
306.42269705306313,85.68149725528104,0.23356247099775898,0.8053658162046342,1
221.43440226795522,94.90244736356169,0.670436840507455,0.7281329578771049,0
289.4824733646909,46.42494572988175,0.6331083308625651,0.8458391455644771,1
306.5234532910046,57.95211410665157,0.8728380041029418,0.9762218951027906,0
248.49410072694593,40.66912093312922,0.7088302322006265,0.7120177357152083,0
253.8486461898762,99.47384515108627,0.8606181661850705,0.7874382740481382,1
275.4568326209245,94.89006775470067,0.6620324012278456,0.762262280861711,1
204.01423955554526,67.79699911963917,0.33844176691155453,0.7714439960997088,1
264.41583311663567,88.94233060634949,0.1842919378006852,0.9725303655638126,0
242.28960139930894,66.46705840904295,0.7254590906759485,0.840420716270287,1
265.4994704355829,73.65099816019318,0.6153193771807327,0.8398898238819457,0
223.95242636385024,36.238710248121166,0.138548809914637,0.9281726927365846,1
378.105456147979,82.86892943477656,0.38804037272078273,0.7463476612014777,1
318.71849071080976,38.939943854466435,0.8654398523874289,0.8461796062300152,0
335.8204638288979,87.824734117677,0.500320916568161,0.8289955642363179,0
357.83424772146765,84.741966136927,0.44618330881576374,0.8790732071639968,1
299.68843978581145,79.61212884200836,0.46615968412743525,0.9998673109751316,0
217.38405761748473,32.53122663673335,0.267106179204131,0.9308346682246141,0
307.42130836370956,51.218984916173,0.3949657366918362,0.8193597109052282,1
317.3682236041758,48.417879893759,0.3958506047897413,0.9482659156822141,0
349.087894836866,55.20954852300633,0.14188401614997792,0.751212508993744,1
286.3319092459359,36.1349922734687,0.7140541028143347,0.709139105892688,0
225.51606055911276,95.5870476121744,0.43320354552310325,0.7613345117392819,0
256.7551811597449,68.76615684986635,0.7577439094531386,0.8021234668342778,1
272.616459279727,51.38670174606165,0.7802784008959164,0.853174227237868,0
329.1834482663203,57.788706195199836,0.26959524375892646,0.88453874216236,0
314.15566093378237,61.30417783533849,0.6258827857361029,0.9731817151643265,1
271.21934517956925,72.04160333524321,0.47782544333038535,0.8529562028651373,0
397.30304975859593,66.09755993875484,0.8041253903371881,0.8503826933877188,0
321.15496387137745,94.35743812500921,0.27259254334116334,0.7150729029468946,0
247.4453583471989,64.78744380340811,0.6422505602480354,0.7104734657968671,1
220.35649452408074,99.45106103763189,0.5862016978021781,0.8653479885749116,1
230.57182783686642,89.59974704215671,0.3362411820574662,0.8314535839745033,1
249.19154567690163,44.59573600501351,0.2092807229209381,0.9517541184940896,0
232.13627465191115,95.14166502507413,0.6213118083818212,0.7482038754135535,1
237.31340481026115,38.14564785198333,0.6908779665058645,0.7074914986351148,0
257.0190337387694,87.22147959438341,0.35250187501068,0.8347116303790377,0
234.67471905895096,56.6436305433606,0.6158660832178511,0.7712435670256772,0
379.35308492528503,91.45820243115486,0.4161047260892027,0.7148843120016511,1
216.04674913232844,90.76396830752152,0.6705655066260942,0.9173794860542887,1
304.90227791405096,86.41477800823348,0.2593722199152425,0.7334778999871742,0
282.0793653979323,85.3021305414943,0.8121720021089395,0.8824958500023314,0
396.4757233817213,51.32753973686285,0.3299276771724638,0.7843149250500667,1
222.40778043361047,35.66434981358765,0.3942287902049223,0.7520488151065066,0
279.57111980914834,58.208612513561306,0.14647356166427983,0.8139254568757952,1
393.8940866550738,42.146716049055605,0.18920976985702112,0.9404337328668861,0
373.10142517879603,78.64657622317232,0.5126895221698625,0.8176280730713718,0
363.41441418985596,54.22698085764499,0.3140741413823772,0.9252308947633168,0
251.58056540898798,98.29271406019404,0.7683841805937556,0.7376458890397452,0
234.17751747801316,74.86804541417324,0.11175471092396308,0.9318314258995237,1
333.72864398488616,87.57363945440527,0.403275238937549,0.7710799974719945,0
385.87519782551715,39.27672709192939,0.3698764374152742,0.9032179389666618,1
311.35257860278597,90.34101375908358,0.11546210473408083,0.8697344664522989,0
314.32253789398,94.59300333593761,0.19949471920040818,0.9787434151635062,0
255.99581873205682,64.09433431732552,0.43091413993490824,0.8161967553925942,0
353.89858663838737,72.43770564256842,0.4942916675579573,0.7198495566503321,0
237.40874971150467,83.53668606320969,0.4234317978038953,0.7057466456653758,1
264.7358472808487,42.23870390822888,0.5247501427296751,0.948057568291826,0
285.08728772328334,65.17962535244098,0.5761053399245453,0.8574206912984297,0
301.522075736891,57.906411944061915,0.10793905690226852,0.9325732155504848,0
248.48194648301603,40.246179451357435,0.4712761275628031,0.7703276800034544,0
222.9673649478407,55.727409560407196,0.8707993927100707,0.8035251236539701,0
322.1240084883265,34.77206165698455,0.515225824103639,0.7090311616633956,1
257.72611064805113,31.80683348646409,0.6420338139671625,0.9884476973722336,0
316.24764428452244,39.461640240837596,0.34949108633350656,0.900360372010244,0
230.87254305484046,97.41805781124216,0.71919310252221,0.9799615263277919,0
296.22802037096346,68.46706751265118,0.7183371855008921,0.7796489222287216,1
306.51788651031717,97.6075512807254,0.5170368381233111,0.8834390833676983,0
210.36470736448538,60.27485148310924,0.880811058623371,0.9035499904877913,0
267.3208556387841,51.82712931596817,0.20044017181012272,0.7952649100772765,0
226.88293538779484,65.42993039881708,0.1135581319116648,0.954432770504689,0
212.67499409455354,60.76581820430371,0.7161265694056768,0.9841484388700743,0
397.99204647798905,37.39652789832208,0.745724429891906,0.9654565353088014,0
264.4707689949446,74.85784202831444,0.196165783296461,0.9217200927818118,1
361.974889170927,45.12267277567197,0.3124662663668849,0.7832394039174861,0
250.92813095275278,73.37115684284808,0.11404189069330313,0.7844848126316895,1
336.3005444447858,75.51407646787074,0.3346468886244518,0.9890080961338114,0
352.0455719779373,40.64173971900537,0.7185134991349372,0.7030853487807076,0
319.12774812156886,34.29447389774677,0.5143684221700632,0.9148149919726434,0
294.3152377100317,84.65331102479078,0.3784764745346305,0.9118738487665786,0
282.3681828294537,62.18602966385241,0.3973914359250642,0.8868068622849392,1
269.7736533085991,34.0714656853833,0.10108290057237453,0.9970326538260597,0
385.9058288495652,99.6406422018837,0.33984042205218873,0.7935638307291175,0
366.1238815575458,34.044639269745666,0.6171669933103444,0.8019915591379744,0
393.00538213330253,78.65246602009873,0.8793555550530857,0.7236818208839666,1
224.85944469710896,98.85752476843895,0.7776486615871196,0.8328394409631212,0
346.1734950407289,46.742607295114794,0.1188759717164233,0.7783145578704544,1
387.66809136420756,39.95745580810373,0.8188484837398715,0.8030160106532932,0
236.24661323313202,38.496945759570025,0.7265587306389008,0.9503715370766883,0
213.2992534733555,51.22926032973169,0.7243008988567844,0.9806453540582487,0
348.2241298580118,37.073206770745266,0.46639660720285725,0.7557199216015557,0
314.8946226359824,78.45129391858924,0.4184042343636023,0.8117526794660397,0
368.3657553516544,34.36042586910439,0.3423325830665541,0.9785891686346182,0
227.9544753252579,65.65954897048528,0.15255588716349264,0.7185425382067667,1
359.05346237197807,99.76877976970837,0.2825882907949593,0.7277081584334135,1
240.3254640095489,86.97791886542132,0.29728290798241974,0.7488372967618687,1
232.7311885731409,73.06536067617077,0.4872616557681613,0.8785638502380624,0
232.8531595861986,51.43775345506282,0.6979555252773552,0.7451416813017993,0
362.91494404627645,73.6727085404147,0.4790478627183573,0.9904229144352201,0
333.03944413924,66.89290247381561,0.1462755595577285,0.8340143581775561,1
304.6130849538239,59.82583687232601,0.8662318407905631,0.8504553881050498,1
271.7660968247005,39.14972637181396,0.8541794552752898,0.773997584741622,0
375.44010816262164,92.06229506683266,0.7281516345187268,0.84128807573042,0
278.4890214845271,61.484925417492576,0.8930623212513765,0.8985740897911034,0
363.31988789431546,43.62357582745356,0.5355858662402103,0.9253531410862128,0
287.82698171404365,55.74315456141027,0.8702146802025649,0.9261604248129739,0
275.3888858849815,58.989082677024896,0.16048403249340062,0.8733673338082265,0
292.5359571339213,87.9276526896812,0.3925445986090971,0.9713079324981572,1
260.2755748328284,81.35300663929814,0.28030501440541267,0.9452223541918328,0
349.5218760352502,83.85134255489379,0.25666646730741605,0.9271144344095876,0
300.54407801849584,30.772188510005304,0.21264235911414087,0.7166816565041382,1
246.44253902936345,59.130779872583304,0.5979309132527973,0.7020633886658948,0
379.9149146549137,63.69409061447266,0.725057484597844,0.7637341831586418,0
276.77824427464225,31.343459377613968,0.5626387195362885,0.8990570781740357,0
308.71057222279774,48.186924612152396,0.21757016767056775,0.8233592466647637,0
381.2944221929094,83.22028761854945,0.7488990159467768,0.8207218777897936,0
324.84759918279843,39.597679401029936,0.6087637657309828,0.9653760664688842,1
223.3796081416728,67.47170920168142,0.4105325649015964,0.9686688544395516,0
387.966424722695,45.06413104120662,0.6393042364288504,0.9727525792160757,0
325.54161061428357,30.84845422507253,0.3079239833942663,0.7941634229545081,0
266.9811229314172,46.8841020319679,0.3761537667953684,0.9073167438217785,0
227.85441453267745,98.31116284370377,0.8339886745055922,0.7814899543823108,1
358.8050378540592,86.10759783180927,0.33240360453713635,0.7571829499223349,1
324.0145511857027,97.17036510247233,0.4759906145263493,0.7553897372042108,0
306.6922183952643,64.14978307484537,0.8121129099168117,0.8026322862590782,1
378.77851661019156,37.68153390742525,0.666177080214022,0.8289872859339464,0
357.7194422449062,68.35716422815851,0.1497625809317622,0.9492847513165206,1
230.33497594655023,61.80641341919726,0.21784243542317627,0.7359673280418136,0
262.3444135591096,89.10499579177312,0.10627327261753346,0.9204777542184682,1
249.69782796289314,36.86578065489712,0.6047374321833308,0.8594364742567916,1
348.7892585145354,64.17687959152448,0.4581387403283347,0.7863836028027977,0
206.70648694715587,40.5034065285789,0.20741988072182044,0.8478458753598473,0
313.9779369742633,52.7273148823042,0.8663472968454163,0.7899826209331068,1
352.4917371481381,81.61499541714598,0.5237277791564959,0.8788245865714918,1
375.35312735234993,63.32126905581366,0.29351463529031135,0.8301531768565732,0
268.4163497431815,56.31217996020385,0.500482856923766,0.7493216587236636,1
364.25146093440253,57.61333949990247,0.6436962661880863,0.734974922366709,0
222.12634739104143,62.16127378841907,0.16099137437885158,0.864008704621639,0
369.2904583469036,84.95115806859398,0.31976305203831357,0.970723909985831,0
225.49773246639649,92.4459282258164,0.7455723927071949,0.8031873059673056,0
279.4574581120735,96.87342805527499,0.46773189632212897,0.919900032166787,1
359.4590731559107,85.08323703787066,0.537261713625836,0.89759840648193,0
229.98348546975475,52.07848270236089,0.4462528017675754,0.9794664742928443,1
245.8502790465283,78.16942942605795,0.1351199541144041,0.9462943051897422,0
344.4505136786132,60.63221868387743,0.23259982385612477,0.8699815776716389,0
344.00730730921487,47.82694354322358,0.4564333109935127,0.8971091494702321,0
328.22952657705946,88.86101055981459,0.26734837232634223,0.9695159399752105,0
338.78968889342,32.68984442736275,0.139983222927743,0.8198556353760804,0
308.54488866951925,93.12333944947964,0.774919731241459,0.7980384117573331,0
250.35981178139053,62.30342252373139,0.8849540233312927,0.7032433250905589,0
269.1391987007839,74.60410337657963,0.7345142991973915,0.9479653222574392,0
236.31954336028514,76.15477455440478,0.7830279373637337,0.9402942101210094,0
381.6901122667257,92.65824184945754,0.2935817042536363,0.7313363554300454,0
316.6783589532241,74.56687775170451,0.8685015804105598,0.8730572143398101,1
280.170283352728,72.97535093320433,0.2575405635627427,0.8391945094500661,1
292.40116072882654,34.6656428392483,0.8611438482894659,0.7356127286527334,0
389.45666792236307,66.28856153616428,0.8958554351727609,0.9941704681182171,0
230.67028062321603,40.51183005719292,0.669378244596839,0.7644087662390066,0
317.24596640335943,81.62036381050399,0.8849149854334576,0.7201702540271683,1
301.1777357768932,65.85553445688721,0.5556318236536829,0.8784542138505729,0
322.29084708692955,77.61594454458474,0.3076334265408723,0.9216600031399098,0
203.62203676416812,32.9171030421669,0.44959670853249667,0.7097330338141561,0
374.4247817888303,35.935441123206225,0.5748487483030288,0.8976152916181066,0
386.4236564967225,80.14263716438776,0.15846524962161201,0.8596875627854363,0
313.02663671784177,35.045903519907135,0.5978746116937969,0.7309795026625144,1
339.3301647753784,34.9879709435681,0.8849422694098357,0.7517571630839086,0
384.49987623545917,30.84759326644212,0.25208611982698215,0.8703922891948241,0
341.4477268626797,96.9550978809636,0.7340760930307066,0.7889072840539865,0
230.50780858285228,81.62558516213048,0.8263190350236955,0.9814947185953948,0
315.2576720333626,54.72759859514449,0.8549612742561766,0.9456220688452153,1
321.3430092765712,50.75749069013587,0.8681084835243578,0.9950701619540989,0
284.8261342604772,54.479226082209465,0.5171677109771776,0.7779012516851241,1
347.2888471249446,84.22574718268274,0.8818463263932029,0.9909170898393931,0
386.87340295380295,76.29594277492902,0.7058481657075512,0.8293701609374673,0
385.11370258135526,42.96368975072276,0.22933714898956953,0.8042556385941264,1
290.1678742808264,42.18765347338591,0.48152008517437606,0.7151048580908059,0
222.64760916815106,36.88769547993781,0.6746649402976032,0.7158295773578808,1
396.9682397924669,76.22119037909367,0.2978722526552667,0.9076033767839964,0
367.77961728918683,83.50608635552152,0.6124921468391099,0.8373786983302083,1
224.93253624065338,48.55324998275028,0.6332803832372954,0.7679564878108317,0
384.1683765234745,31.466147272163898,0.23015979504685272,0.8841910918975697,0
373.97927241242564,35.75201672334991,0.552068249962205,0.7758574354750333,1
303.76761142521445,97.75020243915213,0.7173015287828862,0.8732895263033268,1
318.25508714898587,50.68113442341942,0.4991165316287536,0.807762624094807,1
279.80054077402605,83.84562034866934,0.10968249342088594,0.9470656679835457,1
210.95232776440628,73.72644981979846,0.10723077526343375,0.9462088482300338,1
267.0394483291802,56.73577477570271,0.3856234751760098,0.8432051194367204,0
360.5706897196023,44.398108353688855,0.8409552547454257,0.8052457328005047,0
200.92640460092056,38.497049271158446,0.282941423682887,0.8087679389677284,0
266.6998343382288,73.05090776272067,0.6074909510973497,0.9417143577004654,0
279.6337387181887,84.22436464464516,0.27766069655465647,0.7984538448392836,0
307.4791205875846,75.07329774787914,0.35733599172763897,0.7627178121120538,0
383.97112328255207,67.12114932744109,0.7784336716811872,0.725406502562592,0
269.26919887319224,32.93658564021454,0.6830891538159575,0.8400079362653226,0
269.39064037924555,97.79421443160686,0.1763194218505685,0.8446396296759525,0
347.5002496219497,85.90999341582022,0.4429616167891469,0.9522726131208721,0
290.44358817796143,50.497542569067534,0.12333581091621158,0.7663716089338192,0
244.9209645879964,98.59792305511955,0.48471211728240726,0.8142973821005199,1
290.48790322653866,72.13171127454254,0.6299472093608545,0.9425217216681072,1
228.17140407595997,70.76958607450726,0.19480209887852126,0.947087083224692,0
235.27739730124466,82.36512256006725,0.33110795112733254,0.8153833227936305,0
299.67355454789595,86.82388516630962,0.4182693004017256,0.8377372069860043,0
283.7850899009096,75.9535025132052,0.8356248197248398,0.7909857672547849,0
382.96918021362,38.966702245634,0.8946040123383713,0.9797664635257937,0
272.4787798233266,53.67872541961489,0.13592903919649268,0.735593129722474,0
316.1176700556087,94.96585482282349,0.7088063387963136,0.980124826900441,0
326.45285758390605,45.723092829069635,0.3973792531218746,0.9051599355506029,0
202.61889131766674,56.051691668625935,0.4139665489835841,0.8594716458060193,1
332.70747440334213,60.24538180609372,0.7034119786776182,0.7097977182353488,1
235.60719337395028,60.758349278611654,0.834741145716327,0.8426788575466024,0
392.214063493891,72.90577077461678,0.8607428756020388,0.8223244315008197,0
229.7325455506226,96.01530864212953,0.5616980688306566,0.7483656435925368,0
282.92482474540475,46.84848982827535,0.3856969274404023,0.896922881050197,0
217.06993361572876,38.50509634106427,0.7300392686870234,0.9913452722104857,1
399.37485036918946,43.82293429019561,0.3008011066098402,0.8686566433193575,0
300.4390020662485,92.08474301464886,0.5512592230668142,0.9144259829331838,1
319.0770034640087,75.20675688586442,0.3868627692198986,0.720535135769805,0
213.4152954776855,50.01347524674121,0.6253048589663008,0.8253000987450984,1
349.99209407983557,87.11628572780322,0.2923191303148055,0.7349075455493487,0
241.98111861911715,90.29589974544052,0.2532743565878606,0.8838387506609531,1
379.61085788814273,89.25600370831947,0.8345912693403497,0.9815446474642464,0
241.02792809640144,94.32485735476881,0.18144294635962954,0.8985333197414915,0
238.1375441327333,47.65687141213531,0.5047663261879454,0.7230409144943264,0
207.30993356961898,82.85293501223947,0.2766822263704072,0.8063998614955248,0
294.4133890219998,62.2377648091898,0.13114397066053396,0.8651990138322554,1
312.9682266525233,88.9398987023043,0.12881505463314114,0.8209623268399756,1
213.14172788567046,80.99434740131292,0.2401774176846619,0.9500932031425517,1
355.1055233390021,84.35132125498072,0.7934162836048002,0.9444013014129967,0
290.6577669496055,75.93132863767501,0.3259829951816213,0.8835493060309664,1
304.878053865516,42.42001386287948,0.8603673364602366,0.8120373835398116,0
288.15254938764565,68.15188432278569,0.5652978343913548,0.7766009121289732,0
280.1526121750652,98.92688176671557,0.4492913518150129,0.7317622954639388,0
311.9280662616436,95.61716465479833,0.5640710677355637,0.8064693050459661,0
231.0480491861425,33.02216150579082,0.5133587081810143,0.8239517551623159,0
236.3856260990542,41.5370371010606,0.7070210030058601,0.9027468775312221,0
372.35712420270346,39.22101414181933,0.32599685277828183,0.897447947289272,0
389.22309242672657,80.81859369897069,0.382440313280242,0.721032441892377,1
274.6618632559506,87.24497308998616,0.8152754420266006,0.8185777946293473,0
254.14893462871075,44.94579564174703,0.8571652105203243,0.7545336601652085,0
328.79990864780314,65.40968850662803,0.8140465819891797,0.7470438115950416,0
281.74683421961925,88.849211960784,0.43555839516585093,0.9481906449211738,0
205.07727113206897,81.29610813363755,0.7242924024055054,0.7125745650148773,0
231.23051947323808,67.95660438442938,0.48106858664087904,0.8257548627706364,0
343.1944457694795,71.32433833211411,0.49803188171688173,0.7504610967299554,0
331.7847883820303,65.58523828413959,0.2637440872458272,0.9637990647035422,0
205.4191985006967,50.828391592317445,0.5729042426068132,0.8671121539825105,0
244.3944323865899,69.55153950013113,0.24890871820267835,0.7694141909130544,1
246.21495931761427,78.22197114350635,0.3652517592537551,0.850728186149913,0
334.3785487197457,91.13260411025654,0.7840241612959481,0.9194459079109347,0
203.94210755087283,74.54039477854737,0.2656606473686842,0.9874354026758301,1
220.82171639691478,83.27850759302106,0.15692662813874625,0.7661338012736256,0
359.9832170746379,41.20501444682011,0.15520607409025305,0.9658545316388035,0
235.70893241086674,62.309023209385295,0.8526276164024863,0.980291234250247,1
330.5492215703749,30.653213387896532,0.5055363503694678,0.9749261633596198,0
247.63655620934531,47.26752051651361,0.4275296574536147,0.8906243070585729,0
219.88827855186904,80.85232005791033,0.7487028648063347,0.8889461963304123,0
248.6344381998908,99.42669659445544,0.7686607423284129,0.8209631899551468,0
344.45338637113184,36.94246697110511,0.36575282649248375,0.9257193646911364,0
371.13929362125714,58.10460211029017,0.6548944459790362,0.8593882055052795,0
366.0439729133983,86.00496780894116,0.7168982526815093,0.9032314213684883,0
279.43670592369097,44.28249442402292,0.6237205494927636,0.8285373711546387,0
333.61702731412925,68.85594645116004,0.2212760598400795,0.9194489392129417,0
240.9968590831642,81.31499072207723,0.8007064668136457,0.9473414552813647,0
258.62954605220267,73.11898151821254,0.531275642188807,0.7439308769808448,0
379.26716370422395,43.16173142307913,0.325977941096003,0.9498789146722684,0
202.6003847021472,54.87691980800176,0.44018254835015513,0.8620889595370922,0
217.1017061708936,84.8654249139778,0.1300568723191259,0.9533997727270673,1
241.57725102920546,68.79585598924116,0.20229344097793406,0.8293905119023044,0
205.30644077476396,30.366072948003893,0.7124374004126887,0.8137121456149105,0
236.28708701795946,83.26935320196657,0.10000930780429292,0.9745182197551667,0
316.60831219393845,32.47179484581673,0.43325266278583374,0.7753507802645203,0
284.2849101184996,82.20136479118625,0.5180081448684708,0.9532636975858428,1
378.534342215395,44.173639211566616,0.14370753600077785,0.8452061717528212,0
363.4887123476882,97.06514360835662,0.8784625303778663,0.8542286327653779,1
268.3634703395752,55.75585259114591,0.2809002649997375,0.7925404844468452,0
251.8846866862585,52.88521314366554,0.34335897570902474,0.8719126601857047,1
275.93848163345336,40.422163523271124,0.3431540098040219,0.7975633588828633,0
318.05898850296154,51.39229508431504,0.2843333296938799,0.7117808242724957,1
253.61272816457526,91.36555332797404,0.10117905766904914,0.7815995816033068,0
324.8297815698268,99.7434036339073,0.6834758352703971,0.7019137130219771,0
281.8823304382481,55.78166713547938,0.8734763998394283,0.9935064361170569,0
310.409436170396,61.40274416681798,0.27943478662803606,0.9897241629459242,0
287.2253058270633,80.54496567419159,0.6304377534427379,0.8185465892416914,1
258.8931519083835,92.03370463255521,0.6935170615669721,0.9185112563018938,0
389.69066139243137,71.51310339307489,0.7787403032724198,0.8037418295231274,0
352.72115883195215,57.40679887244805,0.43810335761088737,0.9013279471257928,1
228.0226351532905,58.88352885940366,0.34234472451234343,0.9416290129137938,0
373.69359517958253,78.69327025477648,0.3602361072184249,0.9840268734076723,1
297.4862396499027,30.22527845229951,0.6700970664788103,0.8200636827549016,1
378.9104453788183,73.37125362218885,0.7534235732045088,0.9349893948868143,0
359.9710511894631,54.884510730895016,0.24529117420528213,0.7797785351896356,1
285.0427008938467,85.59381318939589,0.39675280652621214,0.9970996911380945,0
204.49386166402348,36.50934478761925,0.8215521573993201,0.7077308796293053,0
253.7354718769892,71.17415868638733,0.7453548157557914,0.8810586419503362,0
308.32684293217335,63.668102292028664,0.8878867222099807,0.8978517944953981,0
326.69564396522946,74.96278681336591,0.7033986077456647,0.9064136671222387,1
251.57753708664046,34.53975161380778,0.4145561608223378,0.7361162736367267,1
227.87121481456484,70.59886511996919,0.5725102671957102,0.9815589350419391,0
366.9860473598598,69.30392115716666,0.6288114033978562,0.7543549837150249,0
396.88043614071046,69.24620660913197,0.16276465305369917,0.8868260209719523,1
305.13803646053714,72.24413666175184,0.535597567283092,0.7668028237369254,0
234.3358571696607,77.35275560584535,0.6674566627780877,0.7921649251063813,0
254.4614653038738,86.34922997765389,0.23385704320084832,0.8639375625184373,0
203.67813530949334,48.887450408975,0.7245053739404458,0.8251580255693729,1
382.8597613120998,87.75345871260434,0.5670182244112894,0.7480676802929519,0
223.55021657802823,64.87789775844175,0.8617774285580757,0.7512809207262544,1
315.3032951028507,35.39407953940318,0.13393783856551336,0.8254434364488399,1
254.8110441374412,34.098565047078544,0.3122609100443736,0.9271848934826502,0
310.8356005031587,53.39668230872425,0.5812431034398593,0.9693893940543366,0
330.2840776703729,84.94278839780273,0.3372479297647446,0.7252382986778149,1
365.9483607414403,79.5376654318641,0.6715393312569937,0.8179311722678203,0
241.28425435212063,85.20304752706845,0.7072042260175448,0.730073669116863,1
202.1991657316961,66.20883395091266,0.18201277125317958,0.7049777441897793,1
227.37712601376145,60.81392985688434,0.5110835713654142,0.8985156047931869,0
380.00372836962106,40.32167686943988,0.5071124444728448,0.8807348325899763,1
374.7780155125031,52.97349275265181,0.39542461617243285,0.7489057341444658,1
319.4826204340617,60.381355632171264,0.8463398900557377,0.7701438499279192,1
320.1033720867307,36.202030077573205,0.762005055898577,0.7071123260933555,0
333.0073349092511,45.442836689784784,0.6577675055277095,0.9504841617083211,0
235.07425572468992,71.87577058446172,0.671461308587998,0.9924071788145654,0
382.88238918499195,81.49641799674329,0.4693729150504953,0.7406378610384072,0
283.7541049784146,99.88432579750648,0.8367956168772607,0.7694425641295894,0
276.6277056498995,95.31793319404903,0.6556763418026283,0.9605228571840803,1
303.7835410565675,74.9795639674634,0.6831848493246532,0.9779391393868555,0
209.39319335501102,59.487363730585045,0.7893527230298762,0.8258882148420431,0
233.25667375121589,74.5324155295763,0.3192572714737528,0.7151867416807222,0
347.6067232852741,84.99561326561624,0.7456567230933624,0.7118175501078458,1
216.5597335850253,38.28353336463711,0.25619248236519365,0.8721849598207031,0
320.6304218932776,58.693342278740175,0.3762735617959103,0.8178685326679537,0
249.0698219362642,88.7861599944932,0.3684883634158742,0.7085957282732963,0
277.85912280839534,56.868306635313076,0.8828203747113125,0.874975717693767,1
257.73874735413995,70.03105898590306,0.7852297789983415,0.7033907609767067,0
271.13454329298986,71.14385526035387,0.6609358892722078,0.9362115874447818,0
343.8091810368491,42.91333771935476,0.6816454092923121,0.7919298468110114,1
259.424343124635,55.356480915660185,0.5496582355220568,0.7120774009027696,1
313.28092805937945,53.415790211935246,0.8576725336868153,0.876505666294946,1
295.21008043981993,31.833769597244537,0.49700700230588923,0.8193053243299164,0
332.7342330725296,31.693423472394866,0.40441416789591567,0.9921401240071448,0
387.36594786495164,88.21879305730414,0.23042826954527282,0.8632595987511107,1
346.5144194420501,49.11495669809687,0.7289645218088464,0.7825717543111025,0
242.98807571815135,66.26551363671709,0.6875551456604732,0.9128316593901924,1
206.23662701225695,50.910790151214115,0.40748403081930795,0.7814476007628134,0
252.45280885996502,95.84754715807384,0.1201547311673835,0.9712729874222695,0
319.01558614005097,48.150773120604164,0.7711978621744086,0.8124165911522129,0
210.28516269685008,60.07597689172546,0.10913438676325891,0.8649605688328615,0
299.27324944024724,91.09111753392213,0.6629598237032408,0.7151719311472686,0
319.36856978337784,88.93534967542661,0.8762056877808456,0.8278363713856692,0
266.8487781633922,43.02709924923941,0.4501290625185628,0.9497090618982985,1
354.18244074916436,86.18503168569973,0.2879787239967622,0.9416946416090026,0
221.31965062675437,62.073082071652486,0.6638968080347054,0.7672955676560579,0
215.02755634716175,63.80782104597486,0.7537025136124681,0.7678237213031688,1
345.63775124072066,39.34359806911606,0.5371442528622778,0.945191593663971,0
299.0982632412397,35.64210596299873,0.8736282202049169,0.9791195260507977,0
337.6804792855472,80.95575148816357,0.1413349773263689,0.7286082763819011,1
286.96546772074925,64.75228066487098,0.5038364786436226,0.8350175918278675,0
249.28040664782137,60.57954918306257,0.6747631578580401,0.8012362836892687,1
363.82046353484,81.06557600566777,0.7901123769193432,0.9612065366372318,1
359.8831757937959,83.58590292937768,0.24340448952623206,0.7250574744040056,1
338.9392941708853,41.12357173685475,0.7400027854109451,0.7633377827674112,0
254.42902744599255,72.71576046343489,0.5421656605748363,0.9257405012759483,0
318.0461333738174,39.474785759437985,0.4172429455919706,0.7153881546943647,0
272.1947793880054,82.5962560220332,0.20537202286327486,0.8477606142142867,0
218.31641466532682,75.98686093869976,0.79223660712713,0.832632110403916,1
383.46271509244855,96.96302347584206,0.2258185665437723,0.8003203536966246,0
227.36372618379227,34.82706114494948,0.3478302873672794,0.8183716945956772,0
390.0474707641605,33.9938304805878,0.3320364255699495,0.8589821760790699,1
289.20115459159115,49.75309522852401,0.7971312273526835,0.7484102075165149,0
